<?xml version="1.0" encoding="utf-8"?>
<odoo>
  <data  noupdate="1">

    <record model="ir.module.category" id="cheklist_main_group_category">
             <field name="name">Checklist</field>
             <field name="description">User access level for Checklist</field>
             <field name="sequence">20</field>
    </record>


    <record id="checklist_user" model="res.groups">
            <field name="name">User</field>
            <field name="category_id" ref="cheklist_main_group_category"/>
        </record>

        <record id="checklist_manager" model="res.groups">
            <field name="name">Manager</field>
            <field name="category_id" ref="cheklist_main_group_category"/>
            <field name="implied_ids" eval="[(4, ref('checklist_user'))]"/>
        </record>
    </data>






</odoo>
